{
  "type": "eda",
  "params": {
    "card": {
      "type": "univariate_header",
      "showHistogram": true,
      "showQuantile": false,
      "showFrequencyTable": false,
      "showSummary": true,
      "showBoxPlot": true,
      "xColumns": [
        {
          "name": "count",
          "type": "CONTINUOUS"
        }
      ],
      "cards": [
        {
          "type": "column_card",
          "column": {
            "name": "count",
            "type": "CONTINUOUS"
          },
          "cards": [
            {
              "type": "numerical_histogram",
              "showBoxPlot": true,
              "showHistogram": true,
              "binningMode": "AUTO",
              "nbBins": 25,
              "customBinningBoundaries": [],
              "column": {
                "name": "count",
                "type": "CONTINUOUS"
              },
              "id": "ub2YqWx"
            },
            {
              "type": "univariate_summary",
              "confidenceLevel": 0.95,
              "showConfidenceInterval": false,
              "compute": {
                "totalCount": true,
                "mean": true,
                "sum": false,
                "median": true,
                "std": true,
                "variance": false,
                "skewness": false,
                "kurtosis": false,
                "sem": false,
                "completeCount": true,
                "nbEmpty": true,
                "zeroCount": false,
                "zeroRatio": false,
                "nonZeroRatio": false,
                "iqr": false,
                "distinctCount": true,
                "nbNonEmpty": false,
                "min": true,
                "max": true,
                "range": false,
                "mode": true
              },
              "column": {
                "name": "count",
                "type": "CONTINUOUS"
              },
              "id": "kmjS87n"
            }
          ],
          "id": "v9H5d0c"
        }
      ],
      "id": "8idVywY"
    },
    "dataSpec": {
      "inputDatasetSmartName": "Recommendations_per_Customer",
      "datasetSelection": {
        "useMemTable": false,
        "filter": {
          "distinct": false,
          "enabled": false
        },
        "partitionSelectionMethod": "ALL",
        "latestPartitionsN": 1,
        "ordering": {
          "enabled": false,
          "rules": []
        },
        "samplingMethod": "HEAD_SEQUENTIAL",
        "maxRecords": 100000,
        "targetRatio": 0.02,
        "withinFirstN": -1,
        "maxReadUncompressedBytes": -1
      },
      "autoRefreshSample": true,
      "refreshTrigger": 0,
      "containerSelection": {
        "containerMode": "INHERIT"
      }
    }
  },
  "owner": "admin",
  "listed": true,
  "name": "Univariate analysis on 1 variable ",
  "dashboardCreationId": "XH7Kt1l",
  "versionTag": {
    "versionNumber": 0,
    "lastModifiedBy": {
      "login": "admin"
    },
    "lastModifiedOn": 1605704161633
  },
  "creationTag": {
    "versionNumber": 0,
    "lastModifiedBy": {
      "login": "admin"
    },
    "lastModifiedOn": 1605704161633
  },
  "tags": [],
  "customFields": {},
  "checklists": {
    "checklists": []
  }
}