{
  "type": "dataset_table",
  "params": {
    "datasetSmartName": "product_recommendations_by_CustomerID_joined",
    "shakerScript": {
      "steps": [],
      "maxProcessedMemTableBytes": -1,
      "columnsSelection": {
        "mode": "ALL"
      },
      "columnWidthsByName": {
        "CustomerID": 100,
        "count": 100,
        "StockCode": 100,
        "Recommendation": 253
      },
      "coloring": {
        "scheme": "MEANING_AND_STATUS",
        "individualColumns": [],
        "valueColoringMode": "HASH"
      },
      "sorting": [
        {
          "column": "count",
          "ascending": false
        }
      ],
      "analysisColumnData": {},
      "explorationSampling": {
        "selection": {
          "maxStoredBytes": -1,
          "timeout": -1,
          "filter": {
            "distinct": false,
            "enabled": false
          },
          "partitionSelectionMethod": "ALL",
          "latestPartitionsN": 1,
          "ordering": {
            "enabled": false,
            "rules": []
          },
          "samplingMethod": "HEAD_SEQUENTIAL",
          "maxRecords": 10000,
          "targetRatio": 0.02,
          "withinFirstN": -1,
          "maxReadUncompressedBytes": -1
        },
        "autoRefreshSample": false,
        "_refreshTrigger": 0
      },
      "vizSampling": {
        "autoRefreshSample": false,
        "_refreshTrigger": 0
      },
      "exploreUIParams": {
        "autoRefresh": true
      },
      "globalSearchQuery": "",
      "explorationFilters": [],
      "previewMode": "ALL_ROWS"
    }
  },
  "owner": "admin",
  "listed": false,
  "name": "product_recommendations_by_CustomerID_joined",
  "dashboardCreationId": "XH7Kt1l",
  "versionTag": {
    "versionNumber": 1,
    "lastModifiedBy": {
      "login": "admin"
    },
    "lastModifiedOn": 1606317753745
  },
  "creationTag": {
    "versionNumber": 0,
    "lastModifiedBy": {
      "login": "admin"
    },
    "lastModifiedOn": 1606317592876
  },
  "tags": [],
  "customFields": {},
  "checklists": {
    "checklists": []
  }
}