{
  "pythonInterpreter": "CUSTOM",
  "customInterpreter": "/usr/local/bin/python3.6",
  "installCorePackages": true,
  "corePackagesSet": "PANDAS10",
  "installJupyterSupport": true,
  "conda": false,
  "creationTag": {
    "versionNumber": 0,
    "lastModifiedBy": {
      "login": "admin"
    },
    "lastModifiedOn": 1606050545606
  },
  "versionTag": {
    "versionNumber": 0,
    "lastModifiedBy": {
      "login": "admin"
    },
    "lastModifiedOn": 1606050545606
  },
  "deploymentMode": "DESIGN_MANAGED",
  "envSettings": {
    "inheritGlobalSettings": true,
    "condaInstallExtraOptions": [],
    "condaCreateExtraOptions": [],
    "pipInstallExtraOptions": [],
    "virtualenvCreateExtraOptions": [],
    "cranMirrorURL": "https://cloud.r-project.org"
  },
  "usableByAll": true,
  "permissions": [],
  "allContainerConfs": false,
  "containerConfs": [],
  "allSparkKubernetesConfs": false,
  "sparkKubernetesConfs": []
}