{
  "pages": [
    {
      "id": "duOjLSq",
      "grid": {
        "tiles": [
          {
            "tileType": "IMAGE",
            "box": {
              "top": 0,
              "left": 0,
              "width": 12,
              "height": 5
            },
            "clickAction": "DO_NOTHING",
            "autoLoad": true,
            "showTitle": "MOUSEOVER",
            "displayMode": "IMAGE",
            "imageId": "Ist1XQY",
            "resizeImageMode": "FIT_SIZE"
          }
        ]
      },
      "title": "Dataiku Applications",
      "showTitle": true,
      "backgroundColor": "#ffffff"
    },
    {
      "id": "Gs9axZP",
      "grid": {
        "tiles": [
          {
            "tileType": "IMAGE",
            "box": {
              "top": 0,
              "left": 0,
              "width": 12,
              "height": 5
            },
            "clickAction": "DO_NOTHING",
            "autoLoad": true,
            "showTitle": "MOUSEOVER",
            "displayMode": "IMAGE",
            "imageId": "9F1HlL2",
            "resizeImageMode": "FIT_SIZE"
          }
        ]
      },
      "title": "Market Basket Analysis",
      "showTitle": true,
      "backgroundColor": "#ffffff"
    },
    {
      "id": "4QdAVvd",
      "grid": {
        "tiles": [
          {
            "tileType": "IMAGE",
            "box": {
              "top": 0,
              "left": 0,
              "width": 7,
              "height": 5
            },
            "clickAction": "DO_NOTHING",
            "autoLoad": true,
            "showTitle": "MOUSEOVER",
            "displayMode": "IMAGE",
            "imageId": "L5yyuJl",
            "resizeImageMode": "FIT_SIZE"
          },
          {
            "tileType": "TEXT",
            "box": {
              "top": 0,
              "left": 7,
              "width": 5,
              "height": 4
            },
            "clickAction": "DO_NOTHING",
            "tileParams": {
              "text": "## Considerations\n- ###Each instance is a new copy of the original project\n- ### Be aware of data source implications\n- ### Updating original project does not affect instances (except test instance)",
              "textAlign": "LEFT",
              "isTransparent": false
            },
            "autoLoad": true,
            "showTitle": "NO",
            "displayMode": "INSIGHT",
            "resizeImageMode": "FIT_SIZE"
          }
        ]
      },
      "title": "Application Instances",
      "showTitle": true,
      "backgroundColor": "#ffffff"
    }
  ],
  "owner": "admin",
  "listed": true,
  "name": "Market Basket Analysis",
  "showGrid": true,
  "versionTag": {
    "versionNumber": 32,
    "lastModifiedBy": {
      "login": "admin"
    },
    "lastModifiedOn": 1606484932020
  },
  "creationTag": {
    "versionNumber": 0,
    "lastModifiedBy": {
      "login": "admin"
    },
    "lastModifiedOn": 1603032392533
  },
  "tags": [],
  "customFields": {},
  "checklists": {
    "checklists": []
  }
}