{
  "pages": [
    {
      "id": "yTxmakJ",
      "grid": {
        "tiles": [
          {
            "tileType": "INSIGHT",
            "box": {
              "top": 0,
              "left": 0,
              "width": 6,
              "height": 6
            },
            "clickAction": "OPEN_INSIGHT",
            "tileParams": {
              "showXAxis": true,
              "showYAxis": true,
              "showLegend": false,
              "showTooltips": true,
              "autoPlayAnimation": true
            },
            "autoLoad": true,
            "showTitle": "YES",
            "insightId": "YrgpRRU",
            "insightType": "chart",
            "displayMode": "INSIGHT",
            "resizeImageMode": "FIT_SIZE"
          },
          {
            "tileType": "INSIGHT",
            "box": {
              "top": 0,
              "left": 8,
              "width": 4,
              "height": 7
            },
            "clickAction": "OPEN_INSIGHT",
            "tileParams": {},
            "autoLoad": true,
            "showTitle": "YES",
            "insightId": "fuORFBM",
            "insightType": "eda",
            "displayMode": "INSIGHT",
            "resizeImageMode": "FIT_SIZE"
          },
          {
            "tileType": "TEXT",
            "box": {
              "top": 0,
              "left": 6,
              "width": 2,
              "height": 3
            },
            "clickAction": "DO_NOTHING",
            "tileParams": {
              "text": "### \u003c\u003c\u003c \u003cbr /\u003e\n####Most recommended Products\n### \u003c\u003c\u003c",
              "textAlign": "LEFT",
              "isTransparent": false
            },
            "autoLoad": true,
            "showTitle": "NO",
            "displayMode": "INSIGHT",
            "resizeImageMode": "FIT_SIZE"
          },
          {
            "tileType": "TEXT",
            "box": {
              "top": 3,
              "left": 6,
              "width": 2,
              "height": 3
            },
            "clickAction": "DO_NOTHING",
            "tileParams": {
              "text": "### \u003e\u003e\u003e \u003cbr /\u003e\n#### Recommendations Per Customer\n### \u003e\u003e\u003e",
              "textAlign": "RIGHT",
              "isTransparent": false
            },
            "autoLoad": true,
            "showTitle": "NO",
            "displayMode": "INSIGHT",
            "resizeImageMode": "FIT_SIZE"
          }
        ]
      },
      "title": "Recommended Products Overview",
      "showTitle": true,
      "backgroundColor": "#ffffff"
    },
    {
      "id": "iY2hhMM",
      "grid": {
        "tiles": [
          {
            "tileType": "INSIGHT",
            "box": {
              "top": 0,
              "left": 0,
              "width": 7,
              "height": 5
            },
            "clickAction": "OPEN_INSIGHT",
            "tileParams": {
              "showName": true,
              "showDescription": true,
              "showCustomFields": true,
              "showStorageType": false,
              "showMeaning": false,
              "showProgressBar": false
            },
            "autoLoad": true,
            "showTitle": "YES",
            "insightId": "q6NMV19",
            "insightType": "dataset_table",
            "displayMode": "INSIGHT",
            "resizeImageMode": "FIT_SIZE"
          },
          {
            "tileType": "TEXT",
            "box": {
              "top": 0,
              "left": 7,
              "width": 5,
              "height": 3
            },
            "clickAction": "DO_NOTHING",
            "tileParams": {
              "text": "### \u003c\u003c\u003c \u003cbr /\u003e\u003cbr /\u003eList of products recommended to customers ordered by the number of rules that recommended them\u003cbr /\u003e\n### \u003c\u003c\u003c",
              "textAlign": "LEFT",
              "isTransparent": false
            },
            "autoLoad": true,
            "showTitle": "NO",
            "displayMode": "INSIGHT",
            "resizeImageMode": "FIT_SIZE"
          }
        ]
      },
      "title": "Customer Product Recommendations",
      "showTitle": true,
      "backgroundColor": "#ffffff"
    }
  ],
  "owner": "admin",
  "listed": false,
  "name": "Analysis Results",
  "showGrid": true,
  "versionTag": {
    "versionNumber": 30,
    "lastModifiedBy": {
      "login": "admin"
    },
    "lastModifiedOn": 1606318227887
  },
  "creationTag": {
    "versionNumber": 0,
    "lastModifiedBy": {
      "login": "admin"
    },
    "lastModifiedOn": 1603713504078
  },
  "tags": [],
  "customFields": {},
  "checklists": {
    "checklists": []
  }
}