{
  "type": "python",
  "neverRecomputeExistingPartitions": false,
  "optionalDependencies": false,
  "params": {
    "envSelection": {
      "envMode": "INHERIT"
    },
    "containerSelection": {
      "containerMode": "INHERIT"
    },
    "skipPrerunValidate": false
  },
  "customMeta": {
    "kv": {}
  },
  "redispatchPartitioning": false,
  "maxRunningActivities": 0,
  "inputs": {
    "main": {
      "items": [
        {
          "ref": "Online_Retail_Customers",
          "deps": []
        }
      ]
    }
  },
  "outputs": {
    "main": {
      "items": [
        {
          "ref": "product_recommendations",
          "appendMode": false
        },
        {
          "ref": "rules",
          "appendMode": false
        }
      ]
    }
  },
  "versionTag": {
    "versionNumber": 74,
    "lastModifiedBy": {
      "login": "admin"
    },
    "lastModifiedOn": 1606316168317
  },
  "creationTag": {
    "versionNumber": 0,
    "lastModifiedBy": {
      "login": "admin"
    },
    "lastModifiedOn": 1603033476942
  },
  "shortDesc": "Generating recommendations and rulesets",
  "tags": [],
  "customFields": {},
  "checklists": {
    "checklists": []
  }
}