{
  "type": "grouping",
  "neverRecomputeExistingPartitions": false,
  "optionalDependencies": false,
  "customMeta": {
    "kv": {}
  },
  "redispatchPartitioning": false,
  "maxRunningActivities": 0,
  "inputs": {
    "main": {
      "items": [
        {
          "ref": "product_recommendations",
          "deps": []
        }
      ]
    }
  },
  "outputs": {
    "main": {
      "items": [
        {
          "ref": "product_recommendations_by_CustomerID",
          "appendMode": false
        }
      ]
    }
  },
  "versionTag": {
    "versionNumber": 6,
    "lastModifiedBy": {
      "login": "admin"
    },
    "lastModifiedOn": 1605703062343
  },
  "creationTag": {
    "versionNumber": 0,
    "lastModifiedBy": {
      "login": "admin"
    },
    "lastModifiedOn": 1603122698768
  },
  "shortDesc": "Counting the product recommendations for each customer",
  "tags": [],
  "customFields": {},
  "checklists": {
    "checklists": []
  }
}