{
  "name": "Grouping",
  "color": "#C54F00",
  "items": [
    {
      "objectId": "compute_Countries",
      "objectType": "RECIPE"
    },
    {
      "objectId": "Countries",
      "objectType": "DATASET"
    },
    {
      "objectId": "compute_Online_Retail_by_StockCode",
      "objectType": "RECIPE"
    },
    {
      "objectId": "Online_Retail_by_StockCode",
      "objectType": "DATASET"
    }
  ],
  "shared": [],
  "tags": [],
  "customFields": {},
  "checklists": {
    "checklists": []
  }
}